Perfil (@),URL
arquivologiadescomplicada,https://www.instagram.com/arquivologiadescomplicada/
caarq_unb,https://www.instagram.com/caarq_unb/
arquivologiabrasil,https://www.instagram.com/arquivologiabrasil/
_arquivologia,https://www.instagram.com/_arquivologia/
arquivologia,https://www.instagram.com/arquivologia/
turmaarq2019.1,https://www.instagram.com/turmaarq2019.1/
arqmemoci,https://www.instagram.com/arqmemoci/
arquivologiaunb,https://www.instagram.com/arquivologiaunb/
arquivologia_python,https://www.instagram.com/arquivologia_python/
ufpbcaaarq,https://www.instagram.com/ufpbcaaarq/
brarquivologia,https://www.instagram.com/brarquivologia/
agoraarquivologia,https://www.instagram.com/agoraarquivologia/
arqcon_,https://www.instagram.com/arqcon_/
ufesarquivologia,https://www.instagram.com/ufesarquivologia/
arquiv05,https://www.instagram.com/arquiv05/
arqui_oque,https://www.instagram.com/arqui_oque/
searq.ufmg,https://www.instagram.com/searq.ufmg/
arqemmovimento,https://www.instagram.com/arqemmovimento/
arquivologia_ufam,https://www.instagram.com/arquivologia_ufam/
maisarquivologia,https://www.instagram.com/maisarquivologia/
vaniaalvesarquivologia,https://www.instagram.com/vaniaalvesarquivologia/
papeldarq,https://www.instagram.com/papeldarq/
consolacoes,https://www.instagram.com/consolacoes/
darquivologia,https://www.instagram.com/darquivologia/
cparq.arquivologia,https://www.instagram.com/cparq.arquivologia/
estudos.arqui,https://www.instagram.com/estudos.arqui/
entendendoarquivologia0,https://www.instagram.com/entendendoarquivologia0/
perfilarquivologia,https://www.instagram.com/perfilarquivologia/
arquivoconcursosonline,https://www.instagram.com/arquivoconcursosonline/
arquivistica,https://www.instagram.com/arquivistica/
citacoesarquivisticas,https://www.instagram.com/citacoesarquivisticas/
fp_arquivisticas,https://www.instagram.com/fp_arquivisticas/
uniaoarquivistica,https://www.instagram.com/uniaoarquivistica/
basededadosemarquivistica_bda,https://www.instagram.com/basededadosemarquivistica_bda/
fparquiviticas,https://www.instagram.com/fparquiviticas/
ajconsultoriaarquivistica,https://www.instagram.com/ajconsultoriaarquivistica/
jed.arq,https://www.instagram.com/jed.arq/
pesquisasarquivisticas,https://www.instagram.com/pesquisasarquivisticas/
diplomaticaufpb,https://www.instagram.com/diplomaticaufpb/
rede.arquivistica,https://www.instagram.com/rede.arquivistica/
vitrinearquivistica,https://www.instagram.com/vitrinearquivistica/
midiarquivistica,https://www.instagram.com/midiarquivistica/
arquivistica2714,https://www.instagram.com/arquivistica2714/
joana_consultoria_arquivistica,https://www.instagram.com/joana_consultoria_arquivistica/
ivjacro,https://www.instagram.com/ivjacro/
ofwcaixas,https://www.instagram.com/ofwcaixas/
fparquivisticas,https://www.instagram.com/fparquivisticas/
arquivopublicorj,https://www.instagram.com/arquivopublicorj/
arquivocentral.unirio,https://www.instagram.com/arquivocentral.unirio/
arquivolab,https://www.instagram.com/arquivolab/
arquivologiauel,https://www.instagram.com/arquivologiauel/
arquivonacionalbrasil,https://www.instagram.com/arquivonacionalbrasil/
arquivologia_ufpb,https://www.instagram.com/arquivologia_ufpb/
arquivopublicoitajai,https://www.instagram.com/arquivopublicoitajai/
arquivoderioclaro,https://www.instagram.com/arquivoderioclaro/
arquivocentral.ufsc,https://www.instagram.com/arquivocentral.ufsc/
arquivopublicovca,https://www.instagram.com/arquivopublicovca/
arquivosuff,https://www.instagram.com/arquivosuff/
arquivopublicodepernambuco,https://www.instagram.com/arquivopublicodepernambuco/
arquivologiafurg,https://www.instagram.com/arquivologiafurg/
arquivopublicolondrina,https://www.instagram.com/arquivopublicolondrina/
arquivomunicipaldecampinas,https://www.instagram.com/arquivomunicipaldecampinas/
arquivotech,https://www.instagram.com/arquivotech/
arquivocentralufpa,https://www.instagram.com/arquivocentralufpa/
arquivodacuriademaceio,https://www.instagram.com/arquivodacuriademaceio/
arquivologiaufsc,https://www.instagram.com/arquivologiaufsc/
arquivoestadopa,https://www.instagram.com/arquivoestadopa/
arquivologiaunirio,https://www.instagram.com/arquivologiaunirio/
arquivologiaconcursos,https://www.instagram.com/arquivologiaconcursos/
arquivopublicodopi,https://www.instagram.com/arquivopublicodopi/
arquivocentralufpb,https://www.instagram.com/arquivocentralufpb/
arquivologiando,https://www.instagram.com/arquivologiando/
arquivooculto,https://www.instagram.com/arquivooculto/
arquivologiaufes,https://www.instagram.com/arquivologiaufes/
arquivopublicoalagoas,https://www.instagram.com/arquivopublicoalagoas/
arquivoux,https://www.instagram.com/arquivoux/
arquivopublicors,https://www.instagram.com/arquivopublicors/
arquivohistoricopoa,https://www.instagram.com/arquivohistoricopoa/
arquivopublicoam,https://www.instagram.com/arquivopublicoam/
arquivo_ico,https://www.instagram.com/arquivo_ico/
arquivologiabr,https://www.instagram.com/arquivologiabr/
arquivohistoricomunicipalsp,https://www.instagram.com/arquivohistoricomunicipalsp/
arquivomisterio,https://www.instagram.com/arquivomisterio/
arquivopublicomg,https://www.instagram.com/arquivopublicomg/
arquivo_historico_rs,https://www.instagram.com/arquivo_historico_rs/
arquivoieb,https://www.instagram.com/arquivoieb/
arquivoforadacaixa,https://www.instagram.com/arquivoforadacaixa/
arquivoestadosp,https://www.instagram.com/arquivoestadosp/
arquivomoderno_,https://www.instagram.com/arquivomoderno_/
arquivologiaparaconcurso,https://www.instagram.com/arquivologiaparaconcurso/
arquivo_central,https://www.instagram.com/arquivo_central/
arquivofdr,https://www.instagram.com/arquivofdr/
arquivosaoroque,https://www.instagram.com/arquivosaoroque/
arquivohistorico_eba_ufrj,https://www.instagram.com/arquivohistorico_eba_ufrj/
arquivologiaconcurso,https://www.instagram.com/arquivologiaconcurso/
arquivoabc.ufabc,https://www.instagram.com/arquivoabc.ufabc/
arquivopublicosc,https://www.instagram.com/arquivopublicosc/
arquivojuri,https://www.instagram.com/arquivojuri/
arquivo_alfa,https://www.instagram.com/arquivo_alfa/
arquivodaalegria,https://www.instagram.com/arquivodaalegria/
arqui_vou,https://www.instagram.com/arqui_vou/
arquivologiadigital,https://www.instagram.com/arquivologiadigital/
